,Time_s,Ext_Disp_mm,Force_N,Globe_Disp_1_mm,Globe_Disp_2_mm,Stress_Mpa,Strain_mm/mm
0,0.0,-0.000273,2.389959,-0.003076,-0.022448,0.4274118783196523,9.087149187592319e-05
1,0.1,-0.00491,2.7396844285714286,-0.007340571428571429,-0.041152,0.6463147164547454,0.0005318168389955687
2,0.2,-9.588697e-05,2.663601163265306,-0.006906122448979592,-0.009173,0.4423329220094068,0.00017193500738552436
3,0.3,0.000483,2.3709742594752186,-0.00805065889212828,-0.028048,0.2931857932292505,0.0003223633677991137
4,0.4,-0.000703,2.523508185339442,-0.006090756351520199,-0.009445,0.5194919255324856,3.518463810930576e-05
5,0.5,-0.000534,2.308006418099602,-0.0014219688225144285,0.032622,0.31640681724699105,0.0003028064992614476
6,0.6,0.012714,2.20562315578543,0.002391450841061122,0.072657,0.3486712448808055,0.0003522895125553914
7,0.7,0.00464,2.4107645398467357,0.0026278934579008015,-0.02099,0.5228495806284313,9.5096011816839e-05
8,0.8,-0.005212,2.6662800998905256,0.003228495327072001,0.044813,0.5910669384981311,0.0001397341211225997
9,0.9,0.000242,2.902004071350375,0.003040353805051429,0.020457,0.6243743405404438,7.592319054652879e-05
10,1.0,-0.005023,2.936512050964554,0.007469109860751021,0.060514,0.5405837223026986,0.0005477400295420974
11,1.1,-0.000508,2.152102036403253,0.003651649900536444,0.037103,0.034171539961013644,0.00017406203840472672
12,1.2,0.006405,1.2836088831451808,0.0009080356432403175,0.004625,0.15873956041990805,0.00017580502215657311
13,1.3,-0.003168,1.479590059389415,-0.0033196888262569156,-0.013641,0.35222615662499773,0.0004103101920236337
14,1.4,-0.002182,1.6734291852781538,-0.0032320634473263685,-0.005688,0.3859339735679668,8.901033973412111e-05
15,1.5,-0.000625,2.068812275198681,-0.002830616748090263,-0.034746,0.5467514351628305,5.397341211225997e-05
16,1.6,0.007093,2.250170767999058,-0.0065852976772073305,-0.084263,0.48349643221202854,0.0004718463810930576
17,1.7,0.005008,1.3836305485707556,-0.006829784055148093,-0.027807,0.1399788972942039,0.00021982274741506644
18,1.8,0.005817,1.6368989632648256,-0.005034988610820066,-0.021627,0.40597135039433446,1.6189069423929096e-05
19,1.9,-0.000628,1.6626918309034469,-0.0019981347220143332,0.011508,0.308881735429297,0.00016525849335302805
20,2.0,-0.003868,1.9151275935024619,-0.005585810515724523,-0.094083,0.45535651054241105,0.00042998522895125555
21,2.1,-0.000564,2.413578281073187,-0.001446436082660374,0.035358,0.6544887958939142,0.0002629837518463811
22,2.2,-0.009839,2.294201343623705,0.0010165456552425896,0.042229,0.35691453404152584,0.00021193500738552436
23,2.3,-0.005827,2.662080102588361,-0.0011527531033981501,0.024181,0.6405524259169841,0.0001942688330871492
24,2.4,-0.004956,2.1769972161345437,-0.003385395073855821,-0.018469,0.17245023874671386,0.000264903988183161
25,2.5,-0.004026,1.8582722972389596,-0.001297567909897015,0.018151,0.1898277804603251,0.00011586410635155097
26,2.6,-0.0064,2.387439926599257,0.0005385943500735605,0.063612,0.6635475794481105,0.00015152141802067946
27,2.7,-0.007259,2.686518518999469,-0.0017472897499474565,-0.00189,0.6141629558095033,0.00022044313146233382
28,2.8,-0.009151,2.409988084999621,-0.0032909212499624687,-0.016744,0.30735947922814166,0.00021122599704579025
29,2.9,-0.00352,3.0805543464283005,0.005816199107169665,0.055263,0.8507198168714344,0.0008444313146233382
30,3.0,-0.008859,3.6067176760202146,0.024462142219406905,0.25922,0.8802557361804101,0.0020997636632200884
31,3.1,-0.01157,5.4482820543001536,0.0421672444424335,0.226503,1.7976989108857773,0.002553323485967504
32,3.2,-0.007382,8.830534038785824,0.05185517460173822,0.20241,3.091396891821807,0.0022474150664697195
33,3.3,-0.008033,11.66286402770416,0.05553055328695587,0.213629,3.3520555466137307,0.0019119350073855243
34,3.4,-0.000434,12.256181448360115,0.06122010949068277,0.247616,2.4571194806588337,0.0022287740029542096
35,3.5,-0.003959,12.779808463114367,0.0694572210647734,0.249294,2.5196051290305275,0.0026602658788774003
36,3.6,-0.00973,15.34585804508169,0.06945258647483814,0.190379,3.8916576354239316,0.0020514327917282127
37,3.7,-0.010565,20.86716774648692,0.07375927605345581,0.27654,6.200340147003595,0.0024970753323485966
38,3.8,-0.006862,28.832975818919227,0.07147748289532557,0.212467,8.717831071051737,0.0019430723781388478
39,3.9,0.000343,38.61098215637088,0.07437934492523254,0.171839,11.276713342990503,0.002411639586410635
40,4.0,-0.00129,49.383966683122054,0.07642296066088039,0.025276,13.648162097394351,0.002408626292466765
41,4.1,0.001199,61.586543630801465,0.08172525761491456,0.024422,16.469586351199098,0.002805937961595273
42,4.2,-0.008971,74.62010002200105,0.08818889829636754,0.084573,19.17198544270973,0.0030826587887740025
43,4.3,-0.005168,88.5857365871436,0.08560949878311967,0.038193,22.086275730099967,0.0023385819793205315
44,4.4,-0.000389,102.93805756224543,0.0789933562736569,-0.029725,24.825877640073678,0.0018449926144756277
45,4.5,0.000786,118.14652854446102,0.06431468305261208,-0.179795,27.928484360748968,0.0008158936484490398
46,4.6,0.00139,133.70358724604358,0.04470277360900862,-0.215421,30.86650464080691,0.00012782865583456425
47,4.7,0.003935,151.02374431860255,0.0189645525778633,-0.385051,34.75224654398483,0.0013406499261447561
48,4.8,0.006146,170.72544079900183,-0.007917319587240495,-0.405283,39.340394155623514,0.0022192614475627765
49,4.9,-0.007472,191.9601268564299,-0.047964942562314636,-0.674743,43.82331705921276,0.004374711964549483
50,5.0,0.004406,215.67199461173564,-0.09757095897308188,-0.888024,49.17139045370817,0.0065461152141802065
51,5.1,0.003889,241.8562590083826,-0.1511295421236299,-1.111819,54.9594792281417,0.0084202658788774
52,5.2,0.004411,271.33266900598755,-0.19508424437402133,-1.210496,61.70282633188475,0.009009483013293943
53,5.3,0.008151,303.0454884328483,-0.2364707459814438,-1.237617,68.37411466995725,0.010042451994091579
54,5.4,0.008615,338.65777402346305,-0.27544538998674556,-1.285219,76.48630792066812,0.011015716395864105
55,5.5,0.008757,375.2137260167593,-0.31443984999053254,-1.294935,83.4457510238389,0.012169158050221566
56,5.6,0.015861,412.47540086911386,-0.3515664642789518,-1.300062,90.42502065561457,0.013128005908419496
57,5.7,0.014635,451.34783204936707,-0.3844166173421084,-1.24427,98.09698481678201,0.013782629246676514
58,5.8,0.019095,492.6436777495479,-0.41579244095864887,-1.245359,106.56567627018616,0.014600649926144757
59,5.9,0.018441,535.8234375353913,-0.4502748863990349,-1.148145,115.13007439597975,0.01584877400295421
60,6.0,0.022781,580.9215230967081,-0.48365434742788205,-1.020114,124.05292433428116,0.01675341211225997
61,6.1,0.028099,626.2700782119343,-0.5173442481627729,-0.941967,132.2748834880269,0.017771610044313147
62,6.2,0.025647,670.6378827228102,-0.5523041772591235,-0.985963,139.77098091814653,0.018898197932053176
63,6.3,0.024086,716.0699022305787,-0.5909652694708025,-1.026568,148.37168499740687,0.02031367799113737
64,6.4,0.028148,761.2064350218419,-0.6172397639077161,-0.919352,156.31163456551675,0.02017506646971935
65,6.5,0.031454,805.6618801584585,-0.6439258313626544,-0.88339,163.95738201262583,0.020993825701624814
66,6.6,0.041155,849.4733998274703,-0.6733155938304674,-0.891477,171.50458697712682,0.022061742983751843
67,6.7,0.043029,893.258807305336,-0.7081248527360481,-0.971048,179.32334102330236,0.02349033973412112
68,6.8,0.043897,937.4397872180971,-0.7303154662400344,-0.863866,187.40136935100236,0.023213943870014773
69,6.9,0.053883,983.2123237272122,-0.7574079044571673,-0.854165,196.29874009692938,0.02437633677991137
70,7.0,0.050891,1027.28793037658,-0.7808842174694052,-0.811735,203.42238442691848,0.024802806499261445
71,7.1,0.059818,1070.4609782689859,-0.8007990124781466,-0.731171,210.73977466602287,0.025128094534711962
72,7.2,0.061418,1112.1252979064184,-0.8237775803415333,-0.717308,217.5163361768335,0.026033205317577548
73,7.3,0.068445,1152.1158876474417,-0.8507285573868095,-0.678316,223.91980292218824,0.027122776957163957
74,7.4,0.083289,1192.0141834624583,-0.8690783981334353,-0.686485,231.01381029025163,0.027029630723781388
75,7.5,0.090811,1230.6585424731845,-0.8895219986667395,-0.680749,237.36420766493194,0.02778821270310192
76,7.6,0.098191,1266.4351397665605,-0.9104248561905284,-0.6377,242.4802176440081,0.02843964549483013
77,7.7,0.124395,1299.5854486904004,-0.9390040401360917,-0.635876,247.23451204463757,0.02985087149187592
78,7.8,0.139971,1330.2567324931433,-0.9662437429543512,-0.734081,251.61130640055796,0.03055666174298375
79,7.9,0.161032,1357.1141300665308,-0.9917092449673937,-0.674109,254.70923404331418,0.03117793205317577
80,8.0,0.184065,1380.7041986189506,-1.017548889262424,-0.719837,257.467204964501,0.03196892171344166
81,8.1,0.212021,1401.1441981563933,-1.0469957780445887,-0.797279,259.71425452009225,0.03310525849335303
82,8.2,0.235216,1418.9760192545666,-1.0793175557461347,-0.820281,261.7371411198741,0.03427243722304284
83,8.3,0.26983,1434.161318038976,-1.1239133969615247,-0.93507,263.2695897490924,0.03649639586410635
84,8.4,0.298271,1446.910196884983,-1.1573832835439462,-0.95761,264.4602525171236,0.0366634564254062
85,8.5,0.325986,1458.207240917845,-1.1991780596742472,-1.070923,265.83147361267595,0.03851299852289512
86,8.6,0.35239,1467.847381798461,-1.241787471195891,-1.142555,266.8146957097126,0.03983193500738552
87,8.7,0.389345,1475.9376358560435,-1.2791836222827793,-1.068577,267.56858754940356,0.04055166912850812
88,8.8,0.418974,1484.3634313257455,-1.3167605873448422,-1.107381,269.2254448557684,0.041675125553914324
89,8.9,0.453823,1492.0713843755325,-1.350334705246316,-1.122778,270.2829670762022,0.04237134416543574
90,9.0,0.480824,1498.445653696809,-1.3958487894616542,-1.257561,270.82664073537563,0.04459775480059084
91,9.1,0.50954,1503.8426506405776,-1.4402779924726101,-1.272748,271.35489082032296,0.04583016248153619
92,9.2,0.53486,1509.8753367432696,-1.4841625660518643,-1.278285,272.717966271438,0.04708638109305761
93,9.3,0.561269,1514.5322553880496,-1.5303498328941887,-1.215362,272.9356996977663,0.048620915805022154
94,9.4,0.587957,1518.8163967057499,-1.5690955949244205,-1.261867,273.5351950211921,0.04921595273264402
95,9.5,0.613515,1522.95428136125,-1.6063765678031574,-1.165407,274.20980971797485,0.050209128508124076
96,9.6,0.634777,1527.33653154375,-1.648719262716541,-1.199196,275.1027696407175,0.0518338552437223
97,9.7,0.663329,1531.9048062455358,-1.6825449019403864,-1.163506,276.00291378292826,0.05220410635155096
98,9.8,0.703764,1535.880356461097,-1.7224849299574188,-1.216032,276.44888531215906,0.05383559822747415
99,9.9,0.735299,1539.8530989007836,-1.7720540928267277,-1.36353,277.1581012929878,0.05601113737075332
100,10.0,0.768605,1543.871409786274,-1.8242549234476626,-1.30982,277.8970951588962,0.05774762186115214
101,10.1,0.798587,1547.3657135616243,-1.874978945319759,-1.335972,278.2877251998498,0.05913704579025111
102,10.2,0.828296,1551.807063115446,-1.9275166752283992,-1.369584,279.5054164207665,0.06082307237813884
103,10.3,0.86719,1555.855926796747,-1.9871067680202854,-1.447988,280.05402399985695,0.06310434268833087
104,10.4,0.902753,1560.4936017119621,-2.0506151200144895,-1.595959,281.1466618380814,0.06526989660265878
105,10.5,0.929392,1564.549692079973,-2.109219657153207,-1.64451,281.6120174544414,0.06663902511078286
106,10.6,0.979164,1567.570997485695,-2.169764612252291,-1.672376,281.68969383192945,0.06857096011816839
107,10.7,1.008061,1571.1548190612107,-2.229794723037351,-1.806832,282.5821079457052,0.07030635155096011
108,10.8,1.039588,1574.9096307580076,-2.288131087883822,-1.80436,283.3300534721104,0.07190463810930575
109,10.9,1.07642,1578.3592125414339,-2.3439350627741584,-1.739142,283.81049895380653,0.07336617429837519
110,11.0,1.122547,1581.1937815295955,-2.398225616267256,-1.712723,284.0424564980238,0.07485825701624815
111,11.1,1.144031,1584.1717936639968,-2.4518911544766113,-1.722613,284.63916590661154,0.07639748892171344
112,11.2,1.19214,1587.3566114742835,-2.5072499674832938,-1.737332,285.30118854731114,0.07815796159527326
113,11.3,1.233403,1590.9270030530597,-2.5614354053452097,-1.65751,286.11209149274816,0.07967205317577548
114,11.4,1.274279,1593.9177296093285,-2.613267003818007,-1.577261,286.3877793873062,0.08102942392909897
115,11.5,1.306509,1596.320608863806,-2.666711859870005,-1.608592,286.55468050861094,0.0827274446085672
116,11.6,1.353284,1599.886557188433,-2.7191767570500036,-1.566076,287.7124001645295,0.08420499261447563
117,11.7,1.381894,1603.312889134595,-2.7745873978928595,-1.574388,288.2627320850546,0.08605949778434269
118,11.8,1.413755,1606.1025382389964,-2.828357569923471,-1.564185,288.4769678273155,0.08752682422451993
119,11.9,1.446667,1609.6714733135689,-2.8851059785167648,-1.599566,289.46363556700106,0.08942324963072378
120,12.0,1.483895,1613.1760957954064,-2.9391505560834035,-1.596201,290.0616363538816,0.09082014771048744
121,12.1,1.529435,1615.9233752824332,-2.995230968631003,-1.623856,290.2143487669224,0.0926272378138848
122,12.2,1.563421,1618.6279989160237,-3.047554691879288,-1.574801,290.67896310603214,0.09389553914327918
123,12.3,1.587016,1621.3027203685883,-3.102337637056634,-1.605573,291.1439318990647,0.09569556868537665
124,12.4,1.628047,1624.1986682632776,-3.154258597897596,-1.596798,291.7607414560867,0.09701805022156572
125,12.5,1.66052,1626.8747473309127,-3.2033949984982826,-1.557503,292.14102061984727,0.09826398818316101
126,12.6,1.692725,1629.574928093509,-3.245512713213059,-1.478928,292.6346871255611,0.0989898670605613
127,12.7,1.731181,1632.1642066382208,-3.286576509437899,-1.408785,293.04816120321186,0.10012514032496307
128,12.8,1.764157,1634.949609598729,-3.3283297924556425,-1.391878,293.63397839655204,0.10140954209748893
129,12.9,1.798913,1636.4210577133779,-3.363707280325459,-1.260564,293.3096693313303,0.10198378138847858
130,13.0,1.812926,1634.480622938127,-3.4084857716610424,-1.317201,291.4372258883702,0.10400094534711964
131,13.1,1.816305,1631.0665860986621,-3.4487286940436017,-1.224837,290.1678369726559,0.10485483013293943
132,13.2,1.814789,1627.0576766419015,-3.480674781459715,-1.133537,289.18493535060895,0.10518581979320532
133,13.3,1.800124,1624.3869087442154,-3.500117415328368,-0.916232,289.30557594291537,0.10483675036927621
134,13.4,1.810279,1622.197576245868,-3.5080538680916913,-0.731029,289.12928894611656,0.10422141802067947
135,13.5,1.808166,1619.70900617562,-3.517826477208351,-0.635467,288.55045531770304,0.10464573116691285
136,13.6,1.804345,1617.7048164111573,-3.5285437694345365,-0.607705,288.40859523937263,0.10503211225997046
137,13.7,1.805475,1616.390752579398,-3.537918978167526,-0.515044,288.4821419246383,0.10520995568685376
138,13.8,1.80252,1615.4754278424273,-3.542707555833947,-0.362898,288.49672121179606,0.10501267355982274
139,13.9,1.799975,1613.7632776017335,-3.5415342541671047,-0.260002,287.83427258257774,0.10453769571639586
140,14.0,1.796914,1613.4315231440955,-3.5471233244050744,-0.129425,288.3921056208309,0.10520224519940916
141,14.1,1.810306,1612.7251316743539,-3.5490778031464814,-0.012926,288.0982801294776,0.10499155096011817
142,14.2,1.816072,1612.7693797673958,-3.5464038593903435,0.055606,288.44179766439544,0.10457072378138847
143,14.3,1.821318,1612.0456575481398,-3.5444238995645314,0.031693,287.96901693581555,0.10456348596750369
144,14.4,1.813558,1611.6178205343856,-3.545715642546094,-0.059813,288.02479174490765,0.10484327917282125
145,14.5,1.81199,1611.0929778102754,-3.5471106018186385,-0.02857,287.8875603126062,0.10489211225997046
146,14.6,1.803691,1610.3260390073397,-3.5487298584418845,0.006547,287.6421646368725,0.1049565140324963
147,14.7,1.811924,1609.6362295766712,-3.5491758988870608,0.036787,287.55328540515404,0.10488304283604136
148,14.8,1.709215,1609.4149139833364,-3.549057927776472,0.013782,287.7231655847059,0.10483790251107829
149,14.9,1.661731,1609.4382522738117,-3.5443430912689085,0.020116,287.836721927142,0.10435911373707533
150,15.0,1.662291,1608.9945581955797,-3.5397262080492204,0.094851,287.5485671620437,0.10422995568685377
151,15.1,1.67663,1608.0696927111283,-3.5445507200351574,-0.00388,287.1680399520718,0.10506977843426883
152,15.2,1.596312,1607.5214599365202,-3.5419928000251124,0.016988,287.2383851064971,0.10444898079763662
153,15.3,1.300437,1607.1609199546572,-3.5464260000179375,-0.059337,287.2578232022462,0.10509627769571639
154,15.4,1.306213,1606.768154539041,-3.5475634285842412,-0.001595,287.1731747053669,0.10488646971935006
155,15.5,1.222198,1606.0255366707436,-3.546073877560173,0.018923,286.8839515710785,0.10464844903988182
156,15.6,1.2104,1605.4459510505312,-3.547202483971552,0.011754,286.85319080065096,0.10487515509601182
157,15.7,1.302373,1605.890502178951,-3.55123005997968,-0.032356,287.3905753169877,0.10520824224519941
158,15.8,1.396816,1605.151932127822,-3.5512691856997716,-0.004911,286.72952894468585,0.10491483013293944
159,15.9,1.382387,1605.17365866273,-3.5586385612141225,-0.132413,287.0733363735537,0.10567391432791728
160,16.0,1.370683,1604.9292076162358,-3.5545632580100874,-0.050875,286.91061394566947,0.1047082717872969
161,16.1,1.428771,1604.591807154454,-3.5572766128643485,-0.023518,286.8087175635316,0.10528980797636632
162,16.2,1.722105,1604.8971233960385,-3.5535552949031057,-0.022982,287.1506722463651,0.10470463810930576
163,16.3,1.816245,1604.6798518543133,-3.555943782073647,-0.014152,286.8781717545648,0.10522644017725258
164,16.4,1.664634,1605.0604776102236,-3.5544044157668906,-0.000241,287.2135561635996,0.10489087149187591
165,16.5,1.64167,1605.444071435874,-3.5516380112620647,-0.005107,287.28348373482123,0.10471852289512555
166,16.6,0.897061,1604.984483597053,-3.5472171509014747,0.040233,286.8243135361339,0.10446573116691285
167,16.7,0.726057,1605.175482855038,-3.548582536358196,0.023905,287.1493429547365,0.10493341211225997
168,16.8,0.970697,1605.369956039313,-3.549738668827283,-0.001278,287.1856750183307,0.10495211225997045
169,16.9,1.098425,1605.0229597423665,-3.5508461920194883,0.071709,286.88153316522704,0.10498124076809454
170,17.0,1.871235,1605.1222249588332,-3.5538758514424913,-0.048213,287.0988050145752,0.10521270310192023
171,17.1,1.594783,1604.4857701134524,-3.5580930367446366,-0.014267,286.65604968077685,0.10542499261447563
172,17.2,0.446311,1604.2112186524662,-3.558512169103312,-0.050083,286.7687536885026,0.10515686853766616
173,17.3,0.293517,1604.2118453231901,-3.561159263645223,-0.014857,286.89189548795537,0.10539961595273264
174,17.4,-0.269674,1604.0838823737072,-3.5618903311751593,-0.040864,286.8115197524903,0.10527970457902511
175,17.5,0.915651,1603.8117848383622,-3.5627510936965425,-0.056801,286.69841747590175,0.10531471196454949
176,17.6,1.799932,1603.7007860274016,-3.556845638354673,-0.021612,286.75059266412717,0.1046405317577548
177,17.7,0.697419,1603.1823000195727,-3.555776313110481,0.003299,286.4756844966647,0.1049661152141802
178,17.8,0.301307,1603.5486580139805,-3.552582795078915,0.020324,286.93680866283955,0.10471488921713441
179,17.9,0.247146,1603.5402662957003,-3.5537168536277965,-0.01319,286.76776060947475,0.1050680059084195
180,18.0,-1.173159,1603.6409196397858,-3.5513123240198547,0.048547,286.8345141906754,0.10473562776957163
181,18.1,-0.621751,1604.198246599847,-3.554449374299896,0.017252,287.1383593540426,0.1052375775480059
182,18.2,0.319059,1604.4895895713194,-3.551862981642783,0.04948,287.071543001234,0.10473846381093056
183,18.3,0.467759,1604.5791356937996,-3.5533655583162735,0.030348,286.9973355151385,0.10508484490398819
184,18.4,0.31449,1604.3640552098568,-3.551170541654481,0.051128,286.8226753938874,0.1047469128508124
185,18.5,-0.168811,1603.9620525784692,-3.5536998154674864,0.014543,286.66721140261456,0.10517054652880355
186,18.6,-0.408685,1603.7512141274779,-3.554456439619633,-0.039931,286.71497362161773,0.10506197932053175
187,18.7,-0.859796,1603.8405232339128,-3.5557208854425952,-0.023971,286.8651386876978,0.10513683899556868
188,18.8,-1.036867,1603.9142968813662,-3.556545489601854,-0.034011,286.8713863404689,0.10512871491875922
189,18.9,-0.998044,1603.5024903438332,-3.555255921144181,0.007024,286.5806416653254,0.10493447562776957
190,19.0,-0.858903,1603.5886265313095,-3.551489372245844,0.011506,286.81867178139026,0.10464026587887738
191,19.1,-0.670071,1603.3746600937925,-3.550407551604174,0.044139,286.6462335246884,0.10480658788774003
192,19.2,-0.589784,1602.7334309241373,-3.5490045368601244,-0.003387,286.34053293273956,0.10474141802067946
193,19.3,-0.546029,1602.6576560886695,-3.5507435263286604,0.008542,286.5797912978164,0.10502484490398818
194,19.4,-0.927995,1603.1190674919067,-3.5483245188061856,0.008726,286.90247974676754,0.10464629246676513
195,19.5,-1.007935,1603.4174747799334,-3.54952151343299,0.022348,286.88296814922114,0.10494871491875922
196,19.6,-0.978767,1604.2835354142383,-3.552999938166421,-0.010602,287.2916442226872,0.1052199704579025
197,19.7,-0.908328,1603.572759867313,-3.550677670118872,0.035661,286.4595419997496,0.10472295420974888
198,19.8,-0.799708,1603.5649821909378,-3.5515123357991945,0.013748,286.7724552461684,0.10498076809453472
199,19.9,-0.744195,1604.1701875649558,-3.55150338271371,0.009677,287.15474739345814,0.10491819793205316
200,20.0,-0.720313,1603.7103296892542,-3.550814130509793,-0.021267,286.596327592682,0.10484759231905466
201,20.1,-0.559571,1603.6016789208957,-3.5492723789355667,0.003688,286.7339184863279,0.10473908419497785
202,20.2,-0.438017,1603.2398635149254,-3.5512065563825477,-0.031924,286.55602500134125,0.10505293943870014
203,20.3,-0.602742,1602.9210982249467,-3.5502483974161057,0.01863,286.5182654648854,0.10481101920236337
204,20.4,-0.791771,1602.6247201606761,-3.5493639981543614,-0.009945,286.47527138437323,0.10479033973412111
205,20.5,-1.095337,1602.4603886861973,-3.5492002843959725,0.010303,286.5049197918343,0.10483872968980797
206,20.6,-0.579967,1602.7091370615694,-3.552001631711409,0.000643,286.7340894540122,0.10514047267355982
207,20.7,0.09726,1602.069657901121,-3.5523560226510065,-0.018129,286.2226085090402,0.10497022156573116
208,20.8,0.134741,1602.5218850722295,-3.551265730465005,0.012076,286.79157554947506,0.10483131462333825
209,20.9,0.131763,1602.795614765878,-3.5485618074750036,0.02773,286.7607237512742,0.1046322599704579
210,21.0,0.156162,1603.1668074041986,-3.556426148196431,-0.077664,286.8706813670261,0.10564511078286558
211,21.1,0.157767,1603.161193002999,-3.556454962997451,-0.030881,286.70121018652645,0.10506726735598226
212,21.2,0.153573,1603.1521941449992,-3.5603892592838937,-0.039845,286.6980877014146,0.10547193500738553
213,21.3,0.144738,1603.037269246428,-3.5613083280599245,-0.048837,286.63017633277894,0.10527639586410635
214,21.4,0.125221,1603.3301254617343,-3.563963662899946,-0.064645,286.86486506786844,0.10548307237813885
215,21.5,0.140735,1603.091765901239,-3.5621740449285326,-0.03084,286.5847357690863,0.10510192023633678
216,21.6,0.158278,1603.1008976437422,-3.5592914606632378,0.021365,286.69702004757045,0.10493604135893647
217,21.7,0.156728,1602.622852602673,-3.5549299004737414,0.025639,286.39371568574853,0.10469796159527327
218,21.8,0.178239,1603.112751859052,-3.552633071766958,0.007643,286.91408695030134,0.10478259970457902
219,21.9,0.177683,1602.90806104218,-3.5500964798335413,-0.006754,286.5669356367473,0.10468995568685376
220,22.0,0.181777,1603.0398961729857,-3.553414914166815,0.03508,286.74097036679365,0.10522041358936483
221,22.1,0.173467,1602.7737784092756,-3.5503995101191537,0.045941,286.51545755315914,0.10466354505169866
222,22.2,0.175367,1602.7564397209112,-3.55203965008511,0.039955,286.62358370441905,0.10505583456425406
223,22.3,0.164316,1602.449305800651,-3.55528860720365,0.005307,286.4390920471413,0.105270635155096
224,22.4,0.118722,1602.4520198576079,-3.556384148002607,0.024656,286.57810773110145,0.10514395864106352
225,22.5,0.103683,1602.688699326863,-3.554609534287576,0.028766,286.72503853926355,0.10487955686853766
226,22.6,0.112967,1602.8380489477593,-3.5596608102054117,-0.05878,286.71270329237973,0.10553290989660266
227,22.7,0.108116,1602.2462866769708,-3.554636293003866,0.003921,286.2755299819375,0.10464032496307238
228,22.8,0.104499,1602.1317116264077,-3.5587264950027615,-0.06012,286.4683860006796,0.10543432791728212
229,22.9,0.115083,1601.786863447434,-3.55387178214483,-0.000691,286.3037614678899,0.10463028064992615
230,23.0,0.105314,1601.6380001767386,-3.554151272960593,0.023844,286.3647624157233,0.10501772525849334
231,23.1,0.112509,1601.9254849833846,-3.5572183378289948,-0.066921,286.61126258561796,0.10531420974889216
232,23.2,0.116074,1602.1344624167032,-3.5588002413064252,-0.021124,286.61353541856676,0.10525125553914327
233,23.3,0.108204,1602.0237088690737,-3.557687315218875,0.023847,286.4507797270955,0.10501935007385524
234,23.4,0.115828,1602.1818163350526,-3.5553232251563394,0.034296,286.59926051111466,0.10485710487444608
235,23.5,0.115198,1602.2878248107518,-3.556628017968814,-0.030967,286.5949256934385,0.10516661742983752
236,23.6,0.112002,1601.9111980076798,-3.5544717271205815,0.067908,286.3117890802439,0.10484729689807977
237,23.7,0.107288,1601.6647902912,-3.5527755193718438,-0.016914,286.3259422000465,0.10483116691285081
238,23.8,0.111789,1602.2614656365713,-3.554389085265603,0.025874,286.8095845628342,0.10512327917282126
239,23.9,0.105172,1601.8771160261222,-3.555105060904002,-0.037221,286.30224117889014,0.10507813884785819
240,24.0,0.109825,1602.2435883043731,-3.5569856149314303,-0.025114,286.70346567233577,0.1052197045790251
241,24.1,0.110845,1602.538086788838,-3.5602428678081646,-0.010386,286.72395389595295,0.1054176070901034
242,24.2,0.10898,1602.4384785634556,-3.5564526198629745,0.048071,286.529938659084,0.10478514032496307
243,24.3,0.111103,1602.4095535453255,-3.5550484427592677,0.007883,286.5563676520557,0.10491988183161004
244,24.4,0.110899,1602.5742199609467,-3.5540286019709058,-0.004832,286.6723690469803,0.1049181388478582
245,24.5,0.119643,1602.6173025435332,-3.554713287122075,0.006204,286.62571472003145,0.1050642540620384
246,24.6,0.11424,1602.3606095310952,-3.5496992050871965,0.040019,286.4457816048786,0.10449524372230429
247,24.7,0.111399,1602.250343665068,-3.5521705750622834,-0.034969,286.49152833664175,0.1051210930576071
248,24.8,0.117752,1602.3222460464772,-3.5502458393302025,0.046515,286.5858329309512,0.10473955686853767
249,24.9,0.109676,1602.3397666046267,-3.552697599521573,-0.010352,286.56465261011857,0.10513521418020678
250,25.0,0.114911,1602.4954970033048,-3.552680856801124,0.026991,286.65429529481196,0.10495240768094534
251,25.1,0.112937,1602.234773573789,-3.5505340405722317,0.071837,286.4214755798773,0.10473166912850812
252,25.2,0.102662,1607.0829476955635,-3.5533631718373084,-0.039592,289.57264928375986,0.10518274741506647
253,25.3,0.102497,1618.9593069254024,-3.555137979883792,-0.025649,294.83881556592803,0.1051573116691285
254,25.4,0.110966,1637.1240435181444,-3.553732842774137,0.001876,300.8988116315253,0.10488094534711964
255,25.5,0.111497,1647.6751662272459,-3.557430887695812,-0.024131,299.38175742618523,0.10536709010339734
256,25.6,0.10621,1655.015620733747,-3.569441205497008,-0.182606,299.25903696550245,0.10633580502215657
257,25.7,0.114769,1659.5320479526763,-3.590940575355006,-0.24399,298.8041411377577,0.10767175775480059
258,25.8,0.113222,1662.3460079661972,-3.6171844109678615,-0.410069,298.54622172148004,0.10879745937961595
259,25.9,0.115319,1665.0077554044265,-3.6530751506913295,-0.534612,298.95418638338964,0.11057022156573117
260,26.0,0.105529,1667.4392615745903,-3.697257107636664,-0.747158,299.2860895613141,0.11248779911373707
261,26.1,0.112383,1667.766841696136,-3.747667362597617,-0.963781,298.4040259670583,0.11443701624815361
262,26.2,0.112602,1668.676964354383,-3.7965835447125835,-1.057531,298.82723876459755,0.11577175775480059
263,26.3,0.11502,1669.4964011102736,-3.849661960508988,-1.233902,298.9332390865032,0.11764720827178729
264,26.4,0.110507,1670.1131536501953,-3.91101625750642,-1.516602,298.9529186115135,0.1200709601181684
265,26.5,0.10266,1670.3770228929966,-3.9737830410760138,-1.657529,298.84233703524865,0.12202954209748892
266,26.6,0.106235,1673.9789060664261,-4.032257600768581,-1.713235,300.97888191426574,0.12344
267,26.7,0.112488,1676.8487349045902,-4.088855143406129,-1.728512,301.16481696085265,0.12497338257016248
268,26.8,0.103974,1680.0292215032787,-4.146804245290092,-1.796332,301.8724963785611,0.12678514032496307
269,26.9,0.109756,1682.6892405023418,-4.20742274663578,-1.815875,302.1155083427222,0.1287730871491876
270,27.0,0.10904,1684.9764660731014,-4.267597676168414,-1.807361,302.3578750648282,0.13051802067946822
271,27.1,0.111159,1687.2926034807867,-4.329629768691724,-1.804756,302.78501117728064,0.13248774002954208
272,27.2,0.107302,1688.6105370577047,-4.389677263351231,-1.827214,302.574417618971,0.13411509601181684
273,27.3,0.112795,1691.0698507555035,-4.457055759536594,-1.906391,303.52453368385284,0.13664703101920236
274,27.4,0.116856,1693.1269393967882,-4.524599828240424,-1.854015,303.7125849026235,0.1386546528803545
275,27.5,0.110203,1694.5950332834202,-4.591954163028874,-1.861165,303.7117992739239,0.1406304283604136
276,27.6,0.11899,1696.615827202443,-4.658366402163482,-1.902436,304.32029829926495,0.14252280649926144
277,27.7,0.110824,1698.1444045731737,-4.726813715831058,-1.976765,304.37359801133823,0.1446951846381093
278,27.8,0.112255,1699.8155658379812,-4.796685225593613,-2.002197,304.73621063361765,0.14686451994091582
279,27.9,0.117982,1701.5091653128436,-4.871627732566867,-2.069888,305.04911994563366,0.14945299852289512
280,28.0,0.115308,1703.1636217948883,-4.93740066611919,-2.016347,305.3274966468158,0.15071884785819792
281,28.1,0.109034,1705.3311238534916,-5.001354475799421,-1.99803,305.9445032816496,0.15247382570162482
282,28.2,0.113886,1707.4035796096368,-5.066682625571016,-2.045641,306.2726396265894,0.15450525849335303
283,28.3,0.113117,1709.2256388640262,-5.135167018265011,-2.007794,306.48654022926837,0.1567615361890694
284,28.4,0.11194,1710.9062777600188,-5.192131298760722,-1.896063,306.7238719888406,0.1575935598227474
285,28.5,0.114376,1713.6243741142994,-5.248388641971944,-1.864834,307.6738049251569,0.15920330871491875
286,28.6,0.107958,1715.3472992244997,-5.305631887122817,-1.843004,307.53699447395246,0.1609672082717873
287,28.7,0.11259,1716.5181148746428,-5.359500776516297,-1.760795,307.4995357404725,0.16230939438700148
288,28.8,0.113012,1718.1542111961735,-5.42182912608307,-1.793715,308.00015236868927,0.16477548005908418
289,28.9,0.106056,1720.1152477115525,-5.483178232916478,-1.710298,308.496135164619,0.16651553914327916
290,29.0,0.114642,1722.017763793966,-5.5445941663689124,-1.758951,308.81021049054846,0.16833483013293943
291,29.1,0.111827,1724.0567858528327,-5.60545326169208,-1.7642,309.2358926623388,0.17009161004431314
292,29.2,0.113884,1725.5884296091663,-5.662583186922914,-1.698941,309.2829620687805,0.17150392909896603
293,29.3,0.106904,1726.5564314351186,-5.7155642763735095,-1.601995,309.20407675662136,0.17276268833087147
294,29.4,0.109127,1727.6611787393706,-5.773132768838221,-1.717307,309.4627835899637,0.17480218611521417
295,29.5,0.107203,1729.9364019566933,-5.826644549170158,-1.693073,310.3929860328701,0.1760834268833087
296,29.6,0.108475,1731.0661711119237,-5.882621535121541,-1.690886,310.0829075236511,0.17791917282127032
297,29.7,0.110714,1732.6497933656597,-5.938486810801101,-1.728148,310.56903070622525,0.1795612998522895
298,29.8,0.116512,1734.1555095468998,-5.991282293429357,-1.612357,310.8034765813616,0.18089426883308715
299,29.9,0.116124,1735.8529636763571,-6.046603638163827,-1.621739,311.1927676735161,0.1827151255539143
300,30.0,0.096047,1737.7095994831122,-6.099243170117019,-1.572671,311.59597063504833,0.18407214180206793
301,30.1,0.11675,1739.0108853450802,-6.1473136929407275,-1.508362,311.58039594398844,0.18515480059084194
302,30.2,0.111217,1740.7856289607716,-6.202581209243377,-1.576686,312.1094636693671,0.18731905465288035
303,30.3,0.115025,1742.363665257694,-6.264245720888127,-1.685552,312.3037280254663,0.18961320531757755
304,30.4,0.111683,1743.4028206126386,-6.322308657777233,-1.630099,312.24863798129365,0.19106251107828656
305,30.5,0.104048,1744.5703241518845,-6.376716755555167,-1.624939,312.5148135629594,0.19239991137370754
306,30.6,0.109205,1745.9069866799173,-6.429568825396548,-1.600181,312.8294870969472,0.1938463515509601
307,30.7,0.118022,1746.8516587713693,-6.490656589568963,-1.66023,312.8231734535114,0.19625926144756276
308,30.8,0.110549,1748.405194550978,-6.5489209925492595,-1.694859,313.37321995099876,0.19777199409158047
309,30.9,0.110609,1749.6999789649842,-6.607439851820899,-1.675297,313.48908918575745,0.19951955686853767
310,31.0,0.114554,1750.8196004035601,-6.6660296084435,-1.719317,313.6110045245632,0.2012556573116691
311,31.1,0.113597,1752.609084002543,-6.729998863173929,-1.833054,314.23051898349337,0.20354274741506648
312,31.2,0.11181,1753.3491365732452,-6.79233833083852,-1.803033,313.8936759840478,0.20526401772525849
313,31.3,0.121055,1754.4399572666039,-6.857001950598943,-1.770977,314.24557987731816,0.20734596750369275
314,31.4,0.111067,1755.4352214761457,-6.922005964713531,-1.820122,314.3808469696157,0.2092914623338257
315,31.5,0.114316,1756.8820536258181,-6.985537403366807,-1.862765,314.8414854158842,0.21105955686853764
316,31.6,0.101642,1757.9647320184417,-7.054060430976291,-1.957743,314.8722978700574,0.21345252584933527
317,31.7,0.117289,1758.7633168703155,-7.117198022125923,-1.871255,314.88809825276746,0.21492
318,31.8,0.110877,1759.659406907368,-7.1811820158042305,-1.906133,315.0919455621725,0.2168727326440177
319,31.9,0.118956,1760.7550415052629,-7.250948011288736,-1.979927,315.37709962980847,0.2193607976366322
320,32.0,0.108924,1762.0589356466162,-7.324206579491954,-2.053358,315.70339449541285,0.2217829542097489
321,32.1,0.102064,1762.9582357475829,-7.384819842494252,-1.914227,315.68333172380494,0.2226396750369276
322,32.2,0.115927,1763.841149819702,-7.456721316067323,-2.026267,315.8339029275533,0.22559748892171344
323,32.3,0.114963,1765.3897084426442,-7.526269511476659,-2.013661,316.40844555323065,0.22747828655834565
324,32.4,0.113133,1765.9943797447459,-7.594194508197614,-2.008801,316.0945791083212,0.2293650516986706
325,32.5,0.118784,1766.8882921033899,-7.662336934426867,-2.03207,316.38376039487093,0.23139418020679467
326,32.6,0.107648,1768.2603477881357,-7.730558381733477,-1.99961,316.8429077024876,0.2334154209748892
327,32.7,0.107604,1769.3284047058114,-7.794675986952484,-2.004933,316.89800007153457,0.23500649926144757
328,32.8,0.108584,1770.398690504151,-7.859440276394631,-2.012624,317.090402739775,0.23696753323485964
329,32.9,0.111469,1771.737532645822,-7.929896483139022,-2.0168,317.44990575316984,0.2394693353028065
330,33.0,0.114146,1773.08306703273,-7.9948492022421584,-1.918142,317.6935284439437,0.24098171344165434
331,33.1,0.106347,1774.7673587376642,-8.050848573030112,-1.929921,318.1461966843715,0.24197480059084192
332,33.2,0.112149,1775.8701625269027,-8.10045669502151,-1.748656,318.08344009871774,0.2429683013293944
333,33.3,0.104404,1776.0793549477876,-8.149248210729649,-1.688596,317.72132553606235,0.24434939438700146
334,33.4,0.111876,1775.791465534134,-8.195439864806891,-1.619074,317.44759947779744,0.24552197932053174
335,33.5,0.10969,1776.4358379529529,-8.241436474862065,-1.54564,317.9796428635299,0.24686641063515508
336,33.6,0.108144,1777.6664313949664,-8.288834624901474,-1.501715,318.4618121501511,0.24837016248153618
337,33.7,0.113626,1779.1333112821187,-8.33711416064391,-1.4797,318.82978539621223,0.2498615361890694
338,33.8,0.114811,1780.5573472015135,-8.390848686174222,-1.491414,319.0652998193751,0.25185184638109304
339,33.9,0.112093,1781.5112914296526,-8.438849918695873,-1.341981,319.0257259867303,0.25284646971935004
340,34.0,0.114762,1782.5366301640374,-8.487682513354194,-1.334794,319.24101382406064,0.2543504874446086
341,34.1,0.117924,1782.4902849743123,-8.54019150953871,-1.422641,318.75358513511094,0.256173234859675
342,34.2,0.122013,1783.522807267366,-8.593865935384793,-1.478745,319.42058998157984,0.25784496307237814
343,34.3,0.107056,1785.2204431909756,-8.65071138241771,-1.538271,320.02155569862475,0.2597584933530281
344,34.4,0.113647,1786.582754279268,-8.71625584458408,-1.67946,320.1152658404421,0.262337282127031
345,34.5,0.118019,1787.6534967709058,-8.775229317560058,-1.674226,320.1763959082211,0.26359418020679465
346,34.6,0.10928,1788.3675254077898,-8.83474008397147,-1.698789,320.14460664914066,0.26539193500738556
347,34.7,0.111927,1789.2777535769928,-8.903524917122478,-1.824612,320.3951077489851,0.26810892171344164
348,34.8,0.107231,1790.178767697852,-8.973618083658913,-1.841374,320.55212243146093,0.2702762481536189
349,34.9,0.117405,1790.6428434984657,-9.036563488327795,-1.872828,320.43976483001586,0.27160788774002953
350,35.0,0.111344,1791.8274339274753,-9.105359634519854,-1.970525,320.9737485916626,0.2740723781388478
351,35.1,0.106885,1792.1988405196253,-9.175602881799895,-2.00618,320.67660228553035,0.2762543870014771
352,35.2,0.111953,1792.523542371161,-9.243743486999925,-2.030767,320.7137895452188,0.27811211225997046
353,35.3,0.113368,1792.5390699794007,-9.318176490714233,-2.098633,320.57833735715434,0.28077574593796156
354,35.4,0.110784,1792.7573651281434,-9.392006636224451,-2.050818,320.70803208326623,0.28291231905465286
355,35.5,0.114341,1793.3496219486738,-9.462333025874608,-2.114292,320.9811441958617,0.28473113737075334
356,35.6,0.117439,1793.2970171061954,-9.539195018481863,-2.205167,320.6834245399431,0.28748449039881835
357,35.7,0.114688,1793.4039105044253,-9.621331013201331,-2.22196,320.77385124380777,0.2903004726735598
358,35.8,0.109728,1793.3845772174468,-9.698936152286665,-2.192742,320.71395890337465,0.29225846381093057
359,35.9,0.104646,1793.5575362981763,-9.773173251633333,-2.262323,320.83086252839024,0.29420283604135894
360,36.0,0.10962,1794.0647316415543,-9.846316894023808,-2.221185,321.07100166317935,0.2962828951255539
361,36.1,0.106517,1793.6813017439672,-9.921444352874149,-2.239883,320.6042396766636,0.2986488330871492
362,36.2,0.110116,1794.3200229599765,-9.996858823481535,-2.274363,321.1754611298889,0.3008979320531758
363,36.3,0.108884,1795.5409269714119,-10.070930302486811,-2.227031,321.65409213655954,0.3029869719350074
364,36.4,0.109711,1797.0053469795798,-10.14567678749058,-2.232669,322.0248577355723,0.3052449926144756
365,36.5,0.110509,1797.8880326997,-10.214806276778985,-2.220202,321.9226258561797,0.3068723781388478
366,36.6,0.109268,1799.2624730712141,-10.27846848341356,-2.086813,322.3882851368993,0.30834930576070896
367,36.7,0.109602,1800.7514910508671,-10.348966059581114,-2.062718,322.70580252874794,0.3109367799113737
368,36.8,0.117235,1800.9899716077623,-10.414522328272223,-2.027884,322.1893472468122,0.31250850812407677
369,36.9,0.122326,1801.1073608626873,-10.477716520194445,-1.995307,322.1562018706297,0.3142009453471196
370,37.0,0.106883,1801.7863211876338,-10.542248942996032,-2.000456,322.5286982491907,0.31620620384047265
371,37.1,0.110013,1801.4470462768813,-10.605479816425738,-1.931399,322.0127794767244,0.3179780502215657
372,37.2,0.110019,1801.1121164834867,-10.668913297446956,-1.897444,321.9548244719852,0.31986697193500735
373,37.3,0.10848,1800.8374989167762,-10.727105498176398,-1.823524,321.93267789759824,0.32119899556868536
374,37.4,0.109729,1800.6830940834116,-10.782859927268856,-1.747131,321.95881073734284,0.3226660561299852
375,37.5,0.111401,1800.5279000595797,-10.835287948049181,-1.704617,321.93070354275085,0.3239692171344165
376,37.6,0.110493,1799.7752377568427,-10.889501677177988,-1.741214,321.5289772341148,0.32570268833087146
377,37.7,0.108604,1799.3924472548877,-10.953391769412848,-1.735599,321.62588676073466,0.3283047858197932
378,37.8,0.110634,1799.3820188963482,-11.004487835294892,-1.63719,321.79050163635384,0.328869364844904
379,37.9,0.110227,1798.7968923545345,-11.06214416806778,-1.686918,321.4289171450543,0.33105716395864104
380,38.0,0.113395,1798.6796619675247,-11.123452977191272,-1.688679,321.6171443389309,0.3331381093057607
381,38.1,0.112207,1797.918419691089,-11.187995555136624,-1.734406,321.19307437809607,0.3352836632200886
382,38.2,0.104782,1796.6276137793493,-11.245726253669016,-1.659971,320.72546792567556,0.3364860561299852
383,38.3,0.116477,1795.2659795566778,-11.300939324049297,-1.675481,320.45029132464185,0.3379312259970458
384,38.4,0.109471,1793.398893397627,-11.356550945749497,-1.692088,319.89040506464937,0.33960354505169865
385,38.5,0.112116,1792.019651855448,-11.414981818392498,-1.756739,319.861857395783,0.3415379320531758
386,38.6,0.113327,1790.1193950396057,-11.480476727423213,-1.820712,319.2890807804424,0.343994505169867
387,38.7,0.117433,1787.22081902829,-11.548365662445152,-1.787816,318.3243698696282,0.34617689807976365
388,38.8,0.113315,1783.6411261630642,-11.615257473175108,-1.925612,317.3796687948209,0.3480793796159527
389,38.9,0.115786,1778.9105518307601,-11.681899909410792,-1.894997,316.01912048214314,0.3500297193500739
390,39.0,0.117686,1772.5870390219716,-11.74695336386485,-1.866731,314.1760568342364,0.3518341802067947
391,39.1,0.116464,1764.9374564442655,-11.816325259903465,-1.890292,312.2151581808752,0.35420251107828654
392,39.2,0.110653,1754.8386683173326,-11.88627061421676,-1.986239,309.3141080530071,0.35631119645494824
393,39.3,0.111693,1743.1590836552375,-11.949664438726257,-1.975279,306.5186118711662,0.3577001181683899
394,39.4,0.108014,1729.4450148965982,-12.01297288480447,-1.994669,303.1564359675948,0.35956407680945346
395,39.5,0.106393,1710.0228957832846,-12.080719489146048,-2.028411,297.1310331384015,0.361893234859675
396,39.6,0.117291,1681.412965559489,-12.151177920818606,-2.026171,287.90674392403025,0.3641750073855244
397,39.7,0.106391,1639.371775399635,-12.226055372013292,-2.0535,274.3832465976358,0.36671341211225994
398,39.8,0.107209,1345.3143849997393,-12.410818408580923,-3.147459,109.12082354203552,0.38028732644017726
399,39.9,0.113182,960.574158142671,-12.647880577557801,-4.117254,0.22826850510578175,0.3911532053175775
400,40.0,0.110909,685.0622915304792,-12.830356698255573,-4.069184,0.664802296260529,0.39251246676514034
401,40.1,0.109996,488.51616166462804,-12.963527070182552,-3.864976,0.5095343097805676,0.39280511078286556
402,40.2,0.106583,348.2432786175915,-13.062387621558965,-3.686943,0.4361695012250299,0.39319169867060555
403,40.3,0.106011,248.63840072685107,-13.129523158256404,-3.517224,0.0668480068673212,0.392831964549483
404,40.4,0.114998,177.09042023346507,-13.174663684468861,-3.30287,0.3182450775256183,0.3925410635155096
405,40.5,0.118544,125.25787702390363,-13.211050631763472,-3.11748,0.7731961657456587,0.3929695125553914
406,40.6,0.113386,88.8312015885026,-13.237249022688193,-2.884539,0.3997866480676717,0.39299098966026585
407,40.7,0.111832,62.52130484893042,-13.255072730491566,-2.629895,0.5818332528569129,0.3928990251107829
408,40.8,0.105954,43.90519946352173,-13.267139378922547,-1.34568,0.4712455961514387,0.39283031019202364
409,40.9,0.112064,30.362008473944098,-13.274813842087532,-0.160223,0.6252068244004506,0.39273264401772523
410,41.0,0.107224,20.820389195674355,-13.279505887205381,-0.019811,0.5425289268022248,0.39265098966026585
411,41.1,0.110919,14.150365425481683,-13.282892205146702,0.016083,0.4515074127725021,0.3926545937961595
412,41.2,0.114192,9.04245987534406,-13.289940146533358,0.005585,0.6665779637677272,0.39313323485967505
413,41.3,0.114602,5.615427339531471,-13.288218390380969,0.038057,0.5279528587012894,0.39243468242245194
414,41.4,0.112287,2.879722099665336,-13.291869993129263,-0.039234,0.7081104136488009,0.3929394091580502
415,41.5,0.114237,1.4083620711895257,-13.293245709378045,0.015227,0.40596562762666094,0.392811964549483
416,41.6,0.112167,0.5991077651353756,-13.291818363841461,0.043864,0.25466816889318095,0.3925627769571639
417,41.7,0.110846,0.5624241179538396,-13.296687974172471,-0.025444,0.0841810182949729,0.3931716986706056
418,41.8,0.108944,1.1442555128241712,-13.300314838694621,-0.036956,0.4647663501260797,0.3931870605612998
419,41.9,0.112818,0.2951990805886937,-13.302999456210443,-0.044338,0.3268133125883005,0.3931967799113737
420,42.0,0.112308,-0.16374979957950445,-13.305014468721744,-0.056452,0.23447645617611815,0.39320685376661746
421,42.1,0.114005,-0.7060801425567889,-13.302828334801244,-0.017936,0.368744031332153,0.3928319940915805
422,42.2,0.108893,-1.1252641018262777,-13.304889382000889,-0.010945,0.38865175170341754,0.3932065583456425
423,42.3,0.110756,-1.8872143584473413,-13.305616130000637,-0.064365,0.6781640645957401,0.3931294830132939
424,42.4,0.111888,-2.607295113176672,-13.310142092857598,-0.062795,0.7882212922724753,0.39354378138847856
